Ort,Kat-Nr,X,Y,TYP
Gombe (Fpl. 237),237,17.580406,-0.704069,IMB
Mitula (Fpl. 251),251,17.046761,0.291662,IMB
Mobaka (Fpl. 246),246,17.134569,-0.366609,IMB
Bokonongo (Fpl. 250),250,17.129437,0.201971,IMB (?)
Ifondo (Fpl. 253),253,16.908795,0.481301,IMB (?)
